Company Name,Year,X1,X2,X3,X4,X5,X6,X7,X8,X9,X10,X11,Status
C_1,2011,0.53,0.81,4.15,11.71,0.38,2.49,0.83,0.07,1.18,-0.09,0.21,0
C_2,2011,0.22,0.19,4.51,2.41,0.15,-2.46,-0.15,0.2,-0.03,0.47,0.25,0
C_3,2011,1.87,0.82,7.93,21.71,1.25,12.3,0.12,-0.04,0.39,-0.16,0.38,1
C_4,2011,2.88,0.68,4.68,3.37,2.37,161.36,0.4,0.05,0.46,-0.21,0.67,1
C_5,2011,1.64,1.11,3.48,5.5,1.1,86.64,0.48,-0.1,0.87,0,0.51,1
C_6,2011,0.93,1.3,3.73,9.3,0.32,2.67,0.18,-0.18,-0.08,-0.29,0.3,0
C_7,2011,1.65,0.34,0,0,0,262.8,0.59,-0.12,1.54,-0.36,0.9,1
C_8,2011,1.4,1.6,2.44,6.6,0.58,7.09,0.4,-0.28,0.12,-0.14,0.48,1
C_9,2011,5.52,0.12,0,0,0,0,0.28,-0.14,0.35,-0.02,0.12,1
C_10,2011,0.5,0.32,4.64,4.2,0.28,-0.6,0.16,0.06,-0.03,-0.03,-0.17,0
C_11,2011,0.85,1.04,4.53,8.43,0.53,6.45,0.48,-0.09,0.62,-0.21,0.14,0
C_12,2011,0.14,0.06,2.93,1.79,0.08,-31.46,-0.37,-0.03,-0.03,0.29,0.56,0
C_13,2011,0.76,0.5,2.41,2.24,0.64,-11.47,0.24,0.26,-0.23,0.49,-1.1,0
C_14,2011,1.5,0.05,0.7,0.45,0.93,-0.91,0.01,-0.32,-0.66,0.3,-1.37,1
C_15,2011,0.57,0.08,0.05,0.83,0.06,-0.05,0.46,-0.02,0.01,-0.23,-0.57,0
C_16,2011,10.68,0.48,2.93,8.35,7.58,7632.09,0.26,0,2.01,0.09,0.79,1
C_17,2011,6.02,0.67,5.15,9.4,4.67,5866.03,0.2,-0.03,1.87,0.02,0.57,1
C_18,2011,0.32,0.43,26.66,6.45,0.29,-0.81,0.18,0.1,0.06,-0.25,-0.86,0
C_19,2011,1.79,0.09,0,0,0,2.32,1,-0.15,0.96,0.06,0.25,1
C_20,2011,2.08,0.39,1.48,0.72,1.46,11.91,0.15,-0.01,-0.02,0.15,-0.27,1
C_21,2011,0.5,0.48,18.92,4.04,0.44,22.5,0.27,0.01,0.26,-0.08,0.1,0
C_22,2011,11.7,0.38,37.68,0.69,11.4,0,-0.23,0.1,0.3,0.15,0.69,1
C_23,2011,0.75,0.62,1.52,2.43,0.36,1.56,0.37,0.07,0.24,-0.28,0.07,0
C_24,2011,0.03,0.07,9.08,1.74,0.01,-6.67,-1.82,0.53,-0.02,0.52,-0.96,0
C_25,2011,1.98,0.62,0,0,0,0,0.84,-0.07,0.35,-0.11,0.67,1
C_26,2011,1.94,0.29,2.21,4.13,1.05,10.83,0.3,-0.01,0,0.1,0.07,1
C_27,2011,5.4,0.67,1.47,3.28,2.54,39.13,0.45,0.06,1.4,-0.08,0.64,1
C_28,2011,0.66,1.03,42.54,12.54,0.62,21.96,0.52,-0.33,1.09,-0.11,0.61,0
C_29,2011,1.19,0.6,0,0,1.06,5.57,0.75,-0.07,0.97,0.16,-0.85,1
C_30,2011,6.38,0.35,5.29,6.81,4.38,28.6,0.22,-0.04,1.25,-0.21,0.89,1
C_31,2011,0.46,0.74,4.21,2.6,0.41,0.89,0.74,-0.07,0.06,-0.07,0.1,0
C_32,2011,2.02,1.66,9.55,5.32,1.54,8.98,0.09,-0.09,0.22,-0.12,0.39,1
C_33,2011,0.8,0.19,2.84,3.07,0.64,-1.1,0.64,-0.01,0.05,-0.38,0.05,0
C_34,2011,0.28,0.38,4.28,2.17,0.21,1.1,0.24,0.28,-0.03,-0.26,-0.8,0
C_35,2011,0.08,0.55,0,0,0,0,0.17,0.16,-0.17,1.48,-1.04,0
C_36,2011,2.26,1.61,4.5,7.58,1.34,5.24,0.11,0.2,0.39,0.03,0.32,1
C_37,2011,4.5,0.43,4.63,5.49,3.19,30.89,0.2,-0.01,1.39,0.06,0.59,1
C_38,2011,2.07,0.84,314.98,1.79,2.07,-5.95,0.31,-0.07,0.01,-0.17,0.08,1
C_1,2012,0.73,0.68,4.13,6.87,0.63,2.24,0.79,0.13,0.49,-0.02,0.14,0
C_2,2012,0.59,0.25,3.04,3.03,0.35,-0.11,0.15,0.02,-0.09,0.15,0.23,0
C_3,2012,1.81,0.71,5.88,16.37,1.2,7.52,0.14,-0.01,0.87,0.05,0.38,1
C_4,2012,2.51,0.54,4.24,2.48,2.18,113.06,0.44,-0.05,0.14,-0.11,0.7,1
C_5,2012,1.3,1.16,3.17,6.58,0.86,42.22,0.43,0.01,0.57,-0.05,0.42,1
C_6,2012,0.87,1.02,3.08,6.62,0.34,1.09,0.15,-0.01,0.25,-0.02,0.23,0
C_7,2012,4.98,0.24,9.57,4.27,4.82,0,0.61,-0.07,2,-0.25,0.88,1
C_8,2012,1.19,1.65,2.8,6.3,0.59,4.51,0.43,-0.02,0.33,-0.06,0.28,1
C_9,2012,5.58,0.14,0.94,7.82,1.05,5.5,0.39,-0.15,1.64,-0.65,0.12,1
C_10,2012,0.65,0.29,4.47,3.42,0.46,-0.63,0.16,0.06,0,-0.12,-0.12,0
C_11,2012,0.86,0.91,4.3,6.89,0.56,3.97,0.44,-0.11,0.37,-0.13,0.06,0
C_12,2012,0.19,0.08,3.28,2.17,0.1,-3.22,-0.31,0.02,-0.17,-0.1,0.52,0
C_13,2012,1.04,0.59,2.85,2.18,0.79,-16.46,0.21,0.24,0.01,0.43,-0.75,1
C_14,2012,0.62,0.08,0.94,0.54,0.38,-4.85,-0.23,0.12,-0.67,0.91,-1.19,0
C_15,2012,0.59,0.06,0.06,0.66,0.06,-0.77,0.19,-0.02,0,0.35,-0.51,0
C_16,2012,11.22,0.54,3.02,10,8.15,21457.36,0.41,-0.06,2.08,-0.2,0.85,1
C_17,2012,4.69,0.72,5.4,6.7,3.43,-113.67,0.06,-0.07,1.36,-0.22,0.55,1
C_18,2012,0.32,0.29,24.5,4.05,0.29,-2.23,0.01,0.14,0.08,1.43,-0.66,0
C_19,2012,2.15,0.1,1.1,1.66,2.05,6.22,1,-0.03,1.21,-0.05,0.28,1
C_20,2012,1.93,0.43,2,0.81,1.38,-1.87,0.14,0.08,0.03,0.05,-0.28,1
C_21,2012,0.43,0.44,17.63,4.11,0.38,19.44,0.34,-0.02,0.28,-0.08,0.09,0
C_22,2012,6.92,0.42,40.63,0.72,6.79,0,-0.15,0.03,0.04,-0.06,0.71,1
C_23,2012,0.77,0.47,1.21,1.63,0.45,1.1,0.4,-0.15,0.03,-0.14,0.06,0
C_24,2012,0.11,0.08,9.17,1.65,0.08,-3.7,-1.52,0.11,-0.14,2.01,-0.33,0
C_25,2012,2.04,0.57,1.95,1.88,1.89,0.74,0.83,0.02,0.2,0.33,0.61,1
C_26,2012,1.54,0.3,2.76,3.95,0.91,1.91,0.32,0.16,-0.51,0.05,0.05,1
C_27,2012,9.02,0.62,1.36,2.55,4.98,29.07,0.46,-0.08,1.87,-0.03,0.8,1
C_28,2012,0.74,1.19,60.39,12.98,0.71,28.24,0.51,-0.08,1.36,-0.01,0.63,0
C_29,2012,1.77,0.59,2.43,2.28,0,2.34,0.32,0.46,1.1,1.32,-0.72,1
C_30,2012,5.74,0.28,4,7.09,3.53,5.7,0.19,0.01,1.45,-0.33,0.85,1
C_31,2012,0.51,0.7,3.44,2.71,0.42,-1.61,0.74,0.03,0.06,0.41,0.11,0
C_32,2012,2.05,1.62,8.87,5.01,1.6,24.93,0.11,-0.13,0.62,0.71,0.4,1
C_33,2012,0.67,0.12,2.05,1.9,0.48,-3.43,0.56,0.04,-0.36,2.35,0.08,0
C_34,2012,0.25,0.24,3.63,1.37,0.18,-1.25,0.07,0.12,-0.03,0.33,-0.46,0
C_35,2012,0.26,1.14,0,0,0,-5.95,0.15,0.26,0,1.02,-0.62,0
C_36,2012,1.58,1.61,4.47,6.39,0.66,1.63,0.1,-0.12,0.12,-0.02,0.34,1
C_37,2012,3.99,0.47,4.76,5.02,2.92,-6.84,0.07,-0.02,1.19,-0.19,0.55,1
C_38,2012,2.33,0.59,362.24,1.52,2.32,-53.69,0.35,0.46,-0.07,0.46,-0.31,1
C_1,2013,0.71,0.68,5.88,5.18,0.62,1.41,0.67,-0.15,0.4,0.21,0.12,0
C_2,2013,0.38,0.33,2.63,3.98,0.19,1.09,0.29,-0.29,-0.01,-0.07,0.21,0
C_3,2013,1.38,0.74,4.89,14.67,0.7,3.01,0.14,0.02,0.36,0.01,0.34,1
C_4,2013,1.98,0.47,3.6,2.56,1.69,30.45,0.44,0.07,0.1,-0.01,0.61,1
C_5,2013,1.09,1.19,2.54,8.41,0.57,32.46,0.39,-0.16,0.74,-0.14,0.38,1
C_6,2013,0.88,1.09,2.96,6.39,0.32,1.15,0.16,-0.14,-0.11,-0.15,0.24,0
C_7,2013,5.76,0.19,6.89,3.59,5.58,0,0.62,-0.03,2.18,-0.08,0.82,1
C_8,2013,1,1.56,2.6,6.31,0.49,2.68,0.4,-0.01,0.18,-0.03,0.17,0
C_9,2013,2.21,0.05,0.77,3.65,0.39,-17.71,-0.52,-0.01,-1.14,2.69,0.11,1
C_10,2013,0.66,0.25,3.61,2.77,0.44,3.38,0.15,0.05,0.02,0.03,-0.03,0
C_11,2013,0.84,0.85,4.58,9.08,0.48,3.76,0.44,-0.02,0.11,0.1,0.07,0
C_12,2013,0.15,0.07,2.94,1.36,0.08,-4.27,-0.33,0.04,-0.12,0.15,0.45,0
C_13,2013,1.5,0.46,2.47,1.62,1.22,-125.97,0.19,1.31,-0.03,0.32,-0.21,1
C_14,2013,0.6,0.14,1.11,0.93,0.35,-6.54,0.1,0.05,-0.31,0.25,-0.97,0
C_15,2013,0.63,0.08,0.1,1.52,0.07,-0.95,0.01,0.04,0.01,-0.7,-0.44,0
C_16,2013,11,0.47,3.18,8.05,8.37,109.09,0.46,-0.08,3.33,0.09,0.86,1
C_17,2013,4.84,0.57,4.68,5.11,3.35,-52.27,0.04,0.05,-0.05,0.25,0.56,1
C_18,2013,0.38,0.77,47.36,8.38,0.35,0.57,0.22,-0.3,0.24,-0.11,-0.59,0
C_19,2013,2,0.1,1.12,1.82,1.92,6.21,1,-0.03,0.94,-0.1,0.28,1
C_20,2013,1.98,0.48,2.63,0.94,1.52,12.68,0.19,-0.16,0.05,0.2,-0.22,1
C_21,2013,0.36,0.41,11.97,4.38,0.32,0.5,0.34,0.01,0.2,0,0.09,0
C_22,2013,8.37,0.36,26.26,0.64,8.2,0,0.05,0.14,-0.07,0.19,0.63,1
C_23,2013,0.96,0.45,1.15,1.39,0.56,-0.95,0.46,-0.04,-0.07,0.5,0.06,0
C_24,2013,0.18,0.27,10.95,4.35,0.12,-4.58,-0.28,-0.24,-0.25,-0.12,-0.11,0
C_25,2013,1.93,0.78,2.05,2.64,1.75,10.77,0.8,-0.07,0.46,0.07,0.66,1
C_26,2013,1.69,0.3,2.76,3.7,1.14,1.77,0.36,-0.05,0.31,0.03,0.18,1
C_27,2013,8.49,0.65,1.35,2.97,4.26,97.68,0.48,-0.05,1.63,0.01,0.77,1
C_28,2013,0.86,1.29,68.46,15.72,0.83,50.99,0.53,-0.1,1.95,-0.05,0.72,0
C_29,2013,0.87,0.86,0,0,0.45,-8.12,0.15,0.67,0.13,0.18,-0.45,0
C_30,2013,4.25,0.2,2.94,4.11,2.2,-25.05,0.16,-0.12,-0.82,0.26,0.95,1
C_31,2013,0.6,0.92,5.03,3.04,0.5,-2.82,0.64,0.11,0.23,0.19,0.16,0
C_32,2013,2.15,2.91,12.66,9.52,1.55,16.67,0.06,0.05,-0.01,-0.04,0.32,1
C_33,2013,0.66,0.38,3.44,5.26,0.51,2.92,0.76,-0.02,0.4,-0.03,0.15,0
C_34,2013,0.4,0.3,4.67,1.45,0.32,-3.16,0,0.01,-0.11,0.44,-0.27,0
C_35,2013,0.34,1.96,9.87,202.08,0.16,-9.76,0.14,0.1,-0.3,0.12,-0.48,0
C_36,2013,1.96,1.74,0,0,1.15,4.31,0.14,-0.07,0.21,0.12,0.37,1
C_37,2013,3.91,0.38,3.19,4.23,2.31,-16.61,0.1,0.05,0.48,0.1,0.58,1
C_38,2013,2,0.68,151.9,1.66,2,6.67,0.31,0.13,0.12,0.49,-0.15,1
C_1,2014,1.09,1.07,9.87,6.72,0.93,0,0.47,-0.33,0.49,-0.24,0.26,1
C_2,2014,0.47,0.41,3.05,4.19,0.24,4.46,0.27,-0.2,0.04,0.03,0.2,0
C_3,2014,1.3,0.77,4.76,13.69,0.56,6.28,0.18,-0.06,0.3,-0.03,0.38,1
C_4,2014,1.88,0.44,3.2,2.99,1.62,-13.55,0.5,0.04,0.12,0,0.6,1
C_5,2014,1.59,1.15,1.93,7.58,0.52,17.73,0.45,-0.03,0.92,-0.1,0.36,1
C_6,2014,0.99,1.04,2.85,6.1,0.39,0.94,0.16,-0.09,0.04,-0.04,0.27,0
C_7,2014,5.69,0.18,5.88,3.43,5.45,0,0.63,-0.04,2.54,0.19,0.81,1
C_8,2014,1.01,1.47,2.63,4.34,0.46,2.44,0.36,0.07,0.01,-0.12,0.11,1
C_9,2014,6.98,0.19,0,0,2,4.51,0.24,-0.04,1.43,-0.53,0.18,1
C_10,2014,0.26,0.24,3.15,2.08,0.17,-0.54,0.12,0.07,0.04,0.44,-0.13,0
C_11,2014,0.88,1.04,5.83,9.63,0.66,6.75,0.46,-0.18,0.67,-0.11,0.12,0
C_12,2014,0.26,0.08,3.41,1.83,0.18,-5.8,-0.42,0.03,-0.12,0.82,0.51,0
C_13,2014,2.53,0.37,1.62,1.65,1.83,-375.12,0.13,0.35,-1.39,0.35,0.27,1
C_14,2014,0.85,0.15,1.6,0.9,0.5,-4.03,0.23,0.16,-0.1,0.97,-0.65,0
C_15,2014,0.69,0.02,0.02,1.46,0.01,-1.44,0.25,-0.01,0.01,1.41,-0.3,0
C_16,2014,5.94,0.54,4.98,8.59,5.02,205.84,0.45,-0.03,0.93,-0.1,0.8,1
C_17,2014,4.51,0.63,7.62,2.95,3.5,-2301.75,-0.01,0.22,2.57,0.01,0.47,1
C_18,2014,0.22,0,32.84,0,0.2,0.38,0.2,0.21,0.05,0.01,-0.37,0
C_19,2014,1.31,0.09,1.22,1.69,1.26,4.77,1,-0.05,1.09,0,0.25,1
C_20,2014,2.11,0.65,5.79,1.24,1.66,15.45,0.27,-0.05,0.07,0.02,-0.31,1
C_21,2014,0.38,0.4,9.21,4.38,0.3,1.1,0.32,0.01,0.23,-0.01,0.09,0
C_22,2014,3.5,0.41,45.65,0.78,3.42,0,-0.06,-0.02,0.05,-0.26,0.65,1
C_23,2014,1.19,0.67,1.54,1.87,0.82,5.01,0.57,0.03,0.07,0.06,0.21,1
C_24,2014,0.19,0.25,6.83,2.66,0.13,-3.51,-0.3,0.15,-0.05,1.36,0.04,0
C_25,2014,1.95,0.86,2.06,3.5,1.61,0,0.81,0.01,0.25,0.1,0.66,1
C_26,2014,1.6,0.31,2.8,3.25,1.01,1.38,0.33,0.02,0.16,-0.11,0.16,1
C_27,2014,7.61,0.7,1.37,3.73,4.32,1859.6,0.48,-0.1,2.41,0.03,0.81,1
C_28,2014,1.08,1.39,73.36,17.06,1.04,600.09,0.51,-0.13,2.15,-0.06,0.84,1
C_29,2014,0.93,0.75,0,0,0,-5.95,0.17,0.16,-0.24,0.27,-0.03,0
C_30,2014,5.76,0.27,4.33,3.78,4.25,44.77,0.24,0.02,0.9,0.2,0.82,1
C_31,2014,0.91,1.06,3.64,3.08,0.75,3.33,0.75,-0.05,0.13,-0.04,0.27,0
C_32,2014,1.77,2.79,9.04,9.89,1.13,24.36,0.06,-0.03,0.77,0.03,0.28,1
C_33,2014,0.43,0.38,3.14,4.82,0.34,3.07,0.77,-0.01,0.11,-0.03,0.14,0
C_34,2014,0.5,0.4,4.95,1.53,0.39,-0.29,0.04,0.15,0.06,0.44,-0.07,0
C_35,2014,0.57,2.31,9.52,57.86,0.18,-3.44,0.17,-0.19,0.17,-0.01,0.03,0
C_36,2014,2.14,1.98,0,0,0,14.03,1,0.03,-0.08,-0.02,0.33,1
C_37,2014,4.04,0.38,4.22,2.36,2.88,-32.4,0.08,0.15,1.58,0.19,0.53,1
C_38,2014,2.07,0.98,111.57,1.96,2.06,45.69,0.33,-0.05,0.19,0.02,-0.06,1
C_1,2015,1.5,1.21,9.24,7.38,1.23,0,0.49,-0.34,0.5,-0.44,0.33,1
C_2,2015,0.95,0.5,3.67,5.92,0.6,5.15,0.24,-0.09,0.3,-0.2,0.24,0
C_3,2015,1.72,0.82,4.26,10.88,0.99,24.24,0.28,-0.14,0.61,0.06,0.44,1
C_4,2015,1.95,0.43,3.18,2.87,1.73,30.88,0.53,0,0.41,0.11,0.62,1
C_5,2015,1.32,1.03,1.84,6.68,0.45,11.7,0.43,0.04,0.72,0.06,0.27,1
C_6,2015,1.03,1.02,2.52,5.68,0.39,0.39,0.15,0.05,0.04,0.01,0.24,1
C_7,2015,9.43,0.23,4.54,3.95,9.1,0,0.73,-0.02,2.71,-0.22,0.8,1
C_8,2015,1.19,1.35,2.69,3.25,0.7,2.9,0.38,-0.14,-0.05,0,0.28,1
C_9,2015,8.77,0.09,0,0,0,0,-0.35,0.02,-0.02,0.68,0.16,1
C_10,2015,0.44,0.32,3.69,1.96,0.3,-0.48,0.16,0.07,0,0.56,-0.04,0
C_11,2015,0.83,1.07,5.35,7.32,0.53,4.5,0.44,-0.06,0.53,-0.04,0.09,0
C_12,2015,0.24,0.16,4.15,8.96,0.09,-7.02,-0.02,-0.27,-0.07,0.34,0.81,0
C_13,2015,2.69,0.37,1.46,2.71,1.84,-19.88,0.26,0.4,-1.18,0.63,0.3,1
C_14,2015,1.13,0.27,8.61,1.58,0.92,-4.09,0.22,0.08,-0.86,0.4,-0.42,1
C_15,2015,0.79,0.06,0.07,3.63,0.02,-2.19,0.13,-0.12,0.01,-0.15,-0.23,0
C_16,2015,3.9,0.52,4.61,10.09,3.35,487.01,0.45,-0.12,1.5,-0.04,0.83,1
C_17,2015,2.92,0.63,6.07,2.32,2.44,308.83,0.3,-0.18,0.08,-0.05,0.67,1
C_18,2015,0.38,0.7,41.75,6.87,0.35,0.47,0.26,-0.04,0,0.01,0,0
C_19,2015,1.5,0.09,1.5,1.8,1.45,4.08,1,-0.01,0.69,-0.04,0.23,1
C_20,2015,1.71,0.75,31.17,1.39,1.64,15.23,0.18,-0.18,0.11,-0.12,-0.47,1
C_21,2015,0.47,0.4,8.68,3.58,0.38,1.77,0.36,-0.03,0.27,-0.08,0.1,0
C_22,2015,3.56,0.3,57.35,0.61,3.52,0,-0.39,0.08,0.3,0.29,0.58,1
C_23,2015,1.21,0.8,1.76,2.15,0.89,4.57,0.54,-0.23,0.38,-0.14,0.24,1
C_24,2015,0.41,0.51,6.18,4.19,0.29,0,0.06,0.16,0.08,-0.09,0.17,0
C_25,2015,2.02,0.9,2.1,4.38,1.81,0,0.82,0.08,0.65,0.07,0.63,1
C_26,2015,1.74,0.28,2.43,2.8,1.22,1.34,0.3,-0.01,0.15,0.13,0.16,1
C_27,2015,14.2,0.8,1.62,3.62,6.84,8398.61,0.51,-0.09,8.41,0.16,0.84,1
C_28,2015,0.63,1.42,80.98,16.87,0.59,121.36,0.5,-0.03,2.1,-0.09,0.74,0
C_29,2015,1.55,0.84,1.73,3.27,0.88,1.93,0.3,0.11,0.51,0.1,0.19,1
C_30,2015,4.24,0.32,7.12,5.57,3.48,26.57,0.24,-0.01,-0.18,-0.15,0.82,1
C_31,2015,0.85,1.05,5.99,2.78,0.71,-0.64,0.7,-0.01,0.3,0.03,0.26,0
C_32,2015,1.73,3,8.52,10.65,0.92,58.49,0.06,-0.05,0.04,-0.2,0.26,1
C_33,2015,1.08,0.37,3.07,4.8,0.88,2.85,0.76,-0.04,0.26,0.01,0.14,1
C_34,2015,0.63,0.57,5.35,1.86,0.49,-0.85,0.15,-0.11,-0.08,-0.13,-0.05,0
C_35,2015,0.7,2.73,0,0,0.22,1.37,0.19,-0.11,0.14,-0.03,0.32,0
C_36,2015,1.64,2.01,7.08,8.28,1.06,2.62,0.11,-0.1,0.4,0.01,0.28,1
C_37,2015,2.99,0.45,4.6,2.16,2.46,56.71,0.33,-0.12,0.25,-0.14,0.65,1
C_38,2015,2.28,1.04,113.96,1.96,2.26,238.17,0.29,-0.02,0.03,0.15,0.04,1
C_1,2016,4.02,1.41,14.7,7.55,3.81,54.52,0.51,-0.78,0.41,-0.34,0.61,1
C_2,2016,1.22,0.48,0,0,0.71,4.45,0.28,-0.24,0.06,-0.28,0.26,1
C_3,2016,2.7,0.92,3.84,13.79,1.8,0,0.35,0.03,0.56,0.03,0.46,1
C_4,2016,2.26,0.47,3.45,2.87,2,171.88,0.51,0.04,0.3,0.1,0.62,1
C_5,2016,1.41,1.07,1.7,7.62,0.47,20.16,0.45,0.01,0.81,0.12,0.32,1
C_6,2016,1.01,1.04,2.44,5.02,0.37,0.97,0.16,-0.07,-0.11,0.02,0.25,1
C_7,2016,6.8,0.18,4.74,3.04,6.44,0,0.67,-0.07,2.26,0.41,0.81,1
C_8,2016,1.16,1.53,2.82,4.03,0.7,2.88,0.4,-0.1,0.1,-0.08,0.27,1
C_9,2016,12.83,0.17,0,0,0,0,0.52,-0.18,0.01,-0.1,0.27,1
C_10,2016,0.6,0,0,0,0.44,-1.09,0.15,-0.14,0.11,0.2,0.04,0
C_11,2016,1.01,1.06,5.01,6.3,0.67,4.76,0.44,-0.01,0.63,-0.08,0.18,1
C_12,2016,0.31,0.25,4.68,12.93,0.11,-2.37,0.11,0.02,-0.09,0.28,0.51,0
C_13,2016,0.45,0.46,1.64,3.73,0.18,-1.79,0.23,0.23,-0.18,1.03,-0.29,0
C_14,2016,0.59,0.36,0,2.14,0.57,-4.49,0.18,0.01,-0.67,1.24,-0.31,0
C_15,2016,0.81,0.06,0.05,2.98,0.03,-0.64,0.28,-0.02,0,0.17,-0.18,0
C_16,2016,4.92,0.57,5.37,10.38,4.11,499.71,0.48,-0.12,1.68,-0.06,0.84,1
C_17,2016,3.46,0.65,5.74,2.93,2.82,-337.18,0.03,0.06,0.72,-0.09,0.56,1
C_18,2016,0.4,0.68,48.21,7.18,0.38,0.18,0.21,0.15,0.09,-0.05,-0.23,0
C_19,2016,1.48,0.09,1.6,2.29,1.42,3.77,1,-0.03,0.46,0.06,0.21,1
C_20,2016,2.02,0.77,42.13,1.65,1.97,14.28,0.12,-0.12,-0.08,-0.06,-0.61,1
C_21,2016,0.69,0.39,7.48,3.39,0.57,2.36,0.33,-0.08,0.35,-0.1,0.11,0
C_22,2016,5.17,0.35,97.67,0.72,5.07,0,-0.34,0.11,0.44,0.18,0.58,1
C_23,2016,1.37,0.78,1.48,1.84,0.88,3.95,0.52,0,0.27,0.04,0.18,1
C_24,2016,0.84,0.44,0,0,0.52,0,0.13,0,0.11,0.3,0.26,0
C_25,2016,2.07,0.91,1.88,3.74,1.72,967.57,0.82,0.04,0.79,0.09,0.65,1
C_26,2016,1.63,0.32,2.31,2.98,0.97,3.51,0.38,-0.02,0.11,0.02,0.16,1
C_27,2016,11.55,0.9,2.18,5.07,7.6,83150.3,0.63,0.17,1.47,-0.13,0.69,1
C_28,2016,0.46,1.33,89.3,13.19,0.44,79.59,0.54,-0.02,1.45,-0.08,0.65,0
C_29,2016,1.58,0.82,1.56,3.9,0.61,-19.3,0.2,0.14,-0.39,0.17,0.16,1
C_30,2016,4.88,0.24,7.36,7.27,4.24,255.8,0.27,0.22,0.95,-0.22,0.67,1
C_31,2016,1.17,1.1,8.95,2.88,1.08,2.13,0.72,-0.01,0.29,-0.07,0.33,1
C_32,2016,1.65,2.53,7.47,8.67,0.86,142.37,0.07,-0.05,0.24,0.35,0.22,1
C_33,2016,1.63,0.4,3.57,4.74,1.4,2.64,0.74,-0.06,0.29,-0.04,0.15,1
C_34,2016,1.59,0.47,4.91,1.58,1.23,-0.49,0.19,0.22,-0.13,0.15,0.05,1
C_35,2016,0.72,3.11,0,0,0,17.08,0.23,-0.19,0.25,-0.22,0.33,0
C_36,2016,2.3,2.21,7.35,9.35,1.29,11.86,0.12,-0.06,0.26,-0.05,0.29,1
C_37,2016,3.47,0.39,5.21,2.36,2.87,-24.12,0.02,0.11,0.34,-0.01,0.55,1
C_38,2016,2.38,1.26,234.95,2.51,2.36,32.66,0.3,-0.08,0,0.03,0.03,1
C_1,2017,1.69,3.1,14.25,8.48,1.49,59.65,0.65,-0.34,0.74,-0.4,0.43,1
C_2,2017,1,0.44,0,0,0,7.42,0.32,-0.19,0.46,-0.27,0.28,1
C_3,2017,2.36,0.94,4.38,20.35,1.5,0,0.32,-0.02,0.81,-0.08,0.45,1
C_4,2017,2.06,0.51,3.45,3.16,1.8,587.82,0.49,-0.01,0.44,0.09,0.62,1
C_5,2017,1.45,1.21,1.83,9.79,0.4,22.6,0.47,-0.02,0.6,-0.06,0.35,1
C_6,2017,1.06,1.16,2.81,4.93,0.44,1.09,0.16,-0.09,0.01,-0.16,0.27,1
C_7,2017,7.09,0.27,9.61,4.54,6.91,0,0.64,-0.04,2.28,-0.03,0.78,1
C_8,2017,1.11,1.61,2.73,4.47,0.56,2.39,0.41,-0.15,0.11,-0.1,0.26,1
C_9,2017,5.73,0.17,0,0,0,0,0.29,-0.04,-0.11,-0.19,0.24,1
C_10,2017,0.52,0,0,0,0,0,0.15,0.21,0.12,0.17,0,0
C_11,2017,0.77,0.98,3.41,6.49,0.48,4.63,0.5,-0.01,0.66,0,0.15,0
C_12,2017,0.43,0.35,4.55,10.01,0.15,-3.08,0.18,-0.17,0.07,-0.05,0.67,0
C_13,2017,0.87,0.99,2.11,5.12,0.32,-1.17,0.19,-0.3,0.01,0.08,-0.21,0
C_14,2017,0.64,0.79,0,6.01,0,0.13,0.17,0.03,0.1,-0.41,-0.15,0
C_15,2017,0.98,0.07,0.09,1.99,0.05,-2.3,0.1,-0.04,-174.04,1.65,-0.15,0
C_16,2017,4.44,0.62,10.35,13.3,3.92,459.08,0.48,-0.13,1.71,-0.31,0.85,1
C_17,2017,4.26,0.59,4.14,2.72,2.78,249.13,0.2,-0.08,0.7,-0.2,0.65,1
C_18,2017,0.5,0.67,46.81,7.12,0.48,-3.45,0.07,-0.18,0.01,-0.04,-0.11,0
C_19,2017,1.2,0.1,0,2.54,1.16,4.98,1,-0.07,1.61,-0.3,0.2,1
C_20,2017,2.08,0.95,15.8,2.16,1.98,22.84,0.11,-0.36,-0.02,-0.05,-1.03,1
C_21,2017,0.98,0.38,5.97,3.84,0.75,2.91,0.35,-0.08,0.51,-0.01,0.14,0
C_22,2017,5.8,0.38,492.4,0.88,5.79,0,0.03,0.08,0.34,-0.25,0.61,1
C_23,2017,1.65,1.18,2.34,2.72,1.09,5.06,0.5,-0.63,-0.58,-0.44,0.47,1
C_24,2017,1.26,0.61,0,0,0,7.53,0.29,-0.15,0.37,0.02,0.68,1
C_25,2017,2.1,1,2.67,3.77,1.85,287.02,0.8,-0.06,0.82,0.08,0.71,1
C_26,2017,2.39,0.34,2.39,2.66,1.61,2.49,0.38,-0.05,0.87,-0.02,0.14,1
C_27,2017,6.77,0.88,2.96,6.77,5.12,2808.71,0.56,-0.34,3.33,-0.24,1.13,1
C_28,2017,0.65,1.24,19.5,15.44,0.63,67.94,0.55,-0.01,1.5,-0.17,0.72,0
C_29,2017,2.21,0.88,1.58,3.91,0.98,1.34,0.29,0.03,0.26,0.12,0.32,1
C_30,2017,4.4,0.18,6.23,4.98,3.67,318.28,0.26,-0.07,0.35,-0.01,0.87,1
C_31,2017,0.95,1.06,6.89,3.23,0.87,-1.5,0.73,-0.06,-0.06,0.07,0.31,0
C_32,2017,1.52,3.6,10.82,11.26,0.87,72.32,0.05,-0.05,0.51,0.29,0.17,1
C_33,2017,1.04,0.39,3.22,4.29,0.84,0.53,0.75,0.01,0.07,0.02,0.15,1
C_34,2017,1.49,0.52,5.73,1.89,1.23,2.9,0.24,-0.08,0.06,0.14,0.16,1
C_35,2017,0.91,3.03,11.67,193.27,0.36,98.32,0.17,-0.21,0.16,-0.11,-0.21,0
C_36,2017,2.37,2.25,7.3,9.79,1.42,3.46,0.11,-0.07,0.22,-0.09,0.28,1
C_37,2017,4.91,0.38,3.95,2.55,3.8,27.42,0.29,-0.08,1.14,-0.23,0.69,1
C_38,2017,2.76,1.3,517.18,2.57,2.75,19.44,0.3,0.07,0.17,0.01,0.01,1
C_1,2018,0.77,3,14.28,6.42,0.7,15.04,0.68,-0.42,0.31,-0.48,0.2,0
C_2,2018,1.32,0.42,0,0,0.97,5.32,0.35,-0.27,0.25,-0.14,0.26,1
C_3,2018,2.3,0.86,4.9,20.8,1.47,70.04,0.26,0.05,0.87,-0.06,0.4,1
C_4,2018,2.14,0.53,3.6,3.58,1.8,296.23,0.49,0.14,0.32,-0.04,0.52,1
C_5,2018,1.25,1.19,2.26,8,0.42,23.62,0.44,-0.07,0.66,-0.07,0.33,1
C_6,2018,1.2,1.1,2.53,4.75,0.53,1.45,0.18,-0.15,-0.11,-0.15,0.31,1
C_7,2018,4.51,0.29,8.01,5.12,4.38,0,0.66,-0.15,2.29,0.02,0.84,1
C_8,2018,1.15,1.78,3.36,4.71,0.63,2.72,0.39,-0.24,-0.11,-0.15,0.42,1
C_9,2018,2.73,0.17,0,0,0,0,0.27,-0.39,0.06,-0.06,0.38,1
C_10,2018,1.17,0.69,4.76,1.95,0.91,16.35,0.22,-0.14,0.13,-0.12,0.21,1
C_11,2018,1.02,1.01,3.18,8.25,0.59,4.26,0.5,-0.04,0.55,-0.05,0.16,1
C_12,2018,0.84,0.43,3.25,7.9,0.35,-1.68,0.22,-0.32,-0.11,0.08,0.7,0
C_13,2018,1.33,1.3,1.86,5.31,0.46,1.35,0.27,0.01,-0.26,0.17,0.01,1
C_14,2018,0.4,0.36,0,2.99,0,-5.08,-0.36,0.55,-0.02,0.96,-0.1,0
C_15,2018,1.18,0.2,0.19,3.54,0.19,-4.22,0.35,-0.18,-0.11,-0.05,-0.06,1
C_16,2018,6.66,0.47,16.24,11.68,6.31,20.09,0.36,-0.04,2.78,-0.16,0.78,1
C_17,2018,5.63,0.5,5.11,2.7,4.2,-7.97,0.07,-0.03,-0.09,0.32,0.61,1
C_18,2018,0.46,0.78,35.15,8.03,0.43,-1.12,0.17,-0.17,0.04,-0.07,0.08,0
C_19,2018,0.95,0.09,0,1.67,0.91,3.65,1,-0.27,0.56,-0.32,0.24,0
C_20,2018,1.77,0.96,8.86,2.95,1.45,33.79,0.07,0.41,-0.02,-0.19,-1.14,1
C_21,2018,1.45,0.43,5.49,4.21,1.19,0,0.32,-0.19,0.61,-0.01,0.15,1
C_22,2018,8.08,0.27,0,0.73,8.07,0,1,0,1.01,0.13,0.67,1
C_23,2018,1.5,1.18,2.47,2.99,1.07,171.53,0.56,0.08,0.02,0.65,0.33,1
C_24,2018,2.2,0.76,0,0,1.73,9.47,0.34,-0.21,0.78,-0.01,0.43,1
C_25,2018,2.37,1.14,2.49,4.73,2.06,270.26,0.81,-0.04,0.82,0,0.71,1
C_26,2018,1.6,0.33,2.61,2.54,1.09,0.78,0.36,0.03,-0.17,-0.03,0.13,1
C_27,2018,6.5,0.89,3.16,5.89,4.01,139.34,0.45,-0.12,0.8,-0.05,0.79,1
C_28,2018,0.62,1.12,14.17,23.91,0.47,45.08,0.51,-0.14,1.17,-0.11,0.74,0
C_29,2018,2.52,1,2.04,3.65,1.19,-0.54,0.25,-0.05,0.14,0.07,0.34,1
C_30,2018,2.33,0.23,6.04,4.93,1.73,0.71,0.25,-0.39,0.57,0.02,0.48,1
C_31,2018,1.22,1.16,5.6,3.71,1.05,3.74,0.7,0.01,0.4,0.01,0.37,1
C_32,2018,1.49,4.28,11.45,15.04,0.74,8.73,0.04,0.23,-0.49,-0.09,0.11,1
C_33,2018,0.8,0.4,3.13,4.32,0.62,2.15,0.75,0.01,0.17,0.08,0.18,0
C_34,2018,1.28,0.61,6.33,2.54,1.01,1.96,0.22,0.03,-0.36,-0.21,0.14,1
C_35,2018,0.92,3.41,12.12,211.81,0.37,3.92,0.17,-0.21,0.18,-0.14,-0.43,0
C_36,2018,2.27,2.11,5.51,8.99,1.17,22.83,0.1,0.01,0.22,-0.11,0.23,1
C_37,2018,8.58,0.3,4.27,2.28,7.17,9.78,0.19,0,0.14,0.36,0.65,1
C_38,2018,2.46,1.3,509.6,2.29,2.45,28.48,0.3,-0.04,0.25,-0.16,-0.01,1
C_1,2019,0.73,2.75,8.31,8.61,0.62,40.65,0.71,-0.46,0.47,-0.47,0.25,0
C_2,2019,1,0.56,0,0,0,8.53,0.36,-0.48,0.17,-0.1,0,1
C_3,2019,2.68,0.79,4.66,23.55,1.79,43.69,0.25,0,0.87,0.11,0.44,1
C_4,2019,2.23,0.54,0,2.98,1.89,2.13,0.52,-0.24,0.35,0.04,0.62,1
C_5,2019,1.26,1.22,2.45,7.69,0.6,21.84,0.44,-0.11,0.5,-0.01,0.33,1
C_6,2019,1.11,1.12,2.46,5.68,0.43,1.74,0.17,-0.17,-0.03,-0.19,0.34,1
C_7,2019,6.3,0.35,9.49,5.5,6.06,0,0.58,-0.13,3.46,0.15,0.81,1
C_8,2019,1.38,1.98,4.19,5.6,0.81,12.08,0.35,-0.23,-0.05,-0.14,0.55,1
C_9,2019,0.87,0.2,0,0,0,0,0.08,0.12,0,-0.29,0.08,0
C_10,2019,1.3,0.69,3.84,2.02,1.01,14.81,0.27,-0.08,-0.15,-0.04,0.22,1
C_11,2019,0.72,1.02,3.62,7.31,0.37,3.38,0.49,-0.08,0.23,-0.04,0.41,0
C_12,2019,0.95,0.57,3.03,9.19,0.32,-0.3,0.26,0.03,0.12,0.02,0.23,0
C_13,2019,1.54,1.37,2.08,7.16,0.53,3.52,0.24,0.22,0.43,-0.04,0.16,1
C_14,2019,0.34,0.43,0,3.42,0,-1.74,-0.03,0.75,-0.1,0.9,-0.1,0
C_15,2019,1.09,0.23,0.13,4.03,0.11,8.99,0.6,-0.19,-0.13,-0.46,-0.07,1
C_16,2019,7.95,0.41,13.62,6.62,7.43,0,0.34,-0.04,3.12,0.1,0.79,1
C_17,2019,5.1,0.65,5.05,4.24,3.5,237.67,0.24,0.08,-0.82,0.04,0.58,1
C_18,2019,0.56,0.99,33.9,8.8,0.51,-4.29,0.11,-0.37,-0.01,0.09,0.17,0
C_19,2019,1.1,0.08,0,1.25,1.07,2.4,1,-0.25,0.48,-0.06,0.26,1
C_20,2019,1.93,0.67,5.47,3.45,1.34,31.1,0.06,-0.02,-0.03,-0.37,-0.8,1
C_21,2019,0.75,0.52,4.86,4.98,0.53,0,0.31,-0.17,0.29,-0.16,0.15,0
C_22,2019,22.45,0,0,0,22.44,0,-0.01,-0.06,1.91,0.11,0.74,1
C_23,2019,1.75,1.95,4.61,5.97,1.21,0,0.49,-0.08,0.22,-0.26,0.55,1
C_24,2019,2,0.87,0,0,0,10.31,0.32,-0.05,0.92,-0.25,0.37,1
C_25,2019,2.52,1.21,2.56,5.42,2.17,212.67,0.8,-0.07,0.72,-0.08,0.71,1
C_26,2019,1.17,0.29,2.78,1.39,0.79,-0.25,0.29,0.2,-0.12,0.65,0.03,1
C_27,2019,4.72,0.99,3.15,7.02,2.71,55.65,0.45,-0.16,2.19,0,0.78,1
C_28,2019,0.74,1.1,28.39,23.54,0.66,26.22,0.49,-0.04,1.34,-0.14,0.68,0
C_29,2019,3.37,1.14,2.51,4.01,1.86,6.93,0.27,-0.07,0.11,-0.02,0.41,1
C_30,2019,1.77,0.31,5.1,6.06,1.26,16.02,0.27,-0.01,0.25,0,0.48,1
C_31,2019,1.16,1.26,5.68,4.28,0.94,3.39,0.66,-0.16,0.18,-0.25,0.39,1
C_32,2019,1.28,3.88,9.49,14.85,0.64,8.07,0.04,-0.18,0.32,-0.24,0.1,1
C_33,2019,0.87,0.46,3.75,4.81,0.67,4.86,0.76,-0.16,0.36,-0.22,0.21,0
C_34,2019,1.22,0.64,4.39,3.09,1,2.18,0.25,-0.5,0.84,-0.37,0.25,1
C_35,2019,0.59,4,0,0,0.26,2.05,0.17,-0.35,0.22,-0.17,-1.19,0
C_36,2019,1.84,2.09,5.25,7.75,0.84,44.51,0.08,-0.21,0.13,0.06,0.25,1
C_37,2019,8.44,0.42,4.42,3.62,6.77,54.67,0.28,-0.06,0.88,-0.01,0.71,1
C_38,2019,2.46,1.34,851.41,2.16,2.45,5.2,0.27,-0.34,-0.2,-0.12,-0.06,1
C_1,2020,0.39,2.28,8.87,9.15,0.24,0,0.65,-0.18,0.39,-0.3,0.28,0
C_2,2020,1.02,0.85,4.38,6.7,0.6,6.28,0.36,-0.29,0.18,-0.16,0.3,1
C_3,2020,2.35,0.98,0,17.31,1.55,27.25,0.26,-0.22,1.07,-0.04,0.56,1
C_4,2020,2.08,0.68,0,2.98,0,0,1,-0.09,0.75,-0.07,0.63,1
C_5,2020,1.18,1.34,2.64,11.29,0.45,16.78,0.4,-0.09,0.66,0.04,0.33,1
C_6,2020,1.16,1.01,2.09,5.64,0.41,1.1,0.18,-0.03,0.01,0.07,0.3,1
C_7,2020,10.09,0.45,12.48,5.81,9.67,0,0.58,-0.09,5.17,-0.03,0.77,1
C_8,2020,1.54,1.98,2.92,5.07,0.87,0,0.33,-0.02,0.27,-0.13,0.48,1
C_9,2020,1.33,0.13,12.9,1.18,1.08,0,-0.48,0.15,0.57,1.31,0.14,1
C_10,2020,1.2,0.77,3.8,2.34,0.84,13.65,0.28,-0.2,0.21,0.16,0.26,1
C_11,2020,0.7,1.05,4.09,6.68,0.42,3.7,0.47,-0.05,0.31,-0.06,0.4,0
C_12,2020,1.09,0.61,3.51,10.38,0.43,1.09,0.25,-0.13,0.15,-0.06,0.29,1
C_13,2020,1.19,1.27,0,7.26,0.39,0,1,-0.12,-0.07,0,0.14,1
C_14,2020,0.32,0.65,100.8,6.14,0.32,1.04,0.34,-0.03,0.23,0.04,0.07,0
C_15,2020,0.97,0.14,0.16,4.03,0.13,-1.22,0.29,-0.04,0.28,0.49,-0.08,0
C_16,2020,8.47,0.44,7.3,8.76,8.03,0,0.45,0.07,2.92,0.05,0.71,1
C_17,2020,2.12,0.67,0,3.59,1.62,0,1,-0.06,0.47,0.04,0.23,1
C_18,2020,0.92,1.38,38.4,9.39,0.81,0.97,0.18,0.02,0.18,-0.2,0.26,0
C_19,2020,1.42,0.09,0,1.28,1.37,2.13,1,-0.14,1.3,-0.04,0.28,1
C_20,2020,1.73,0.43,2.66,2.78,1,19.68,0.06,0.02,0.03,-0.09,-0.82,1
C_21,2020,0.97,0.56,4.93,5.69,0.59,0,0.3,-0.27,0.41,0.08,0.15,0
C_22,2020,12.41,0.45,0,1.06,12.41,0,1,-0.4,0.94,-0.12,1.14,1
C_23,2020,1.62,1.53,2.69,5.52,1.14,0,0.46,-0.03,0.37,-0.25,0.5,1
C_24,2020,1.36,0.74,7.46,3.74,1.09,136.32,0.28,-0.19,0.42,0.02,0.37,1
C_25,2020,2.25,1.27,2.6,5.68,1.94,102.02,0.78,-0.17,1.02,-0.09,0.76,1
C_26,2020,2.8,0.47,4.37,1.76,2.26,0.42,0.28,-0.15,-0.12,-0.06,0.03,1
C_27,2020,3.41,1.1,2.81,7.54,1.62,19.37,0.46,-0.04,1.29,-0.18,0.14,1
C_28,2020,0.69,0.99,23.14,16.26,0.63,12.92,0.55,-0.05,1.07,-0.14,0.63,0
C_29,2020,2.83,1.21,2.76,5.09,1.68,12.31,0.24,-0.08,0.12,-0.07,0.35,1
C_30,2020,1.9,0.31,4.68,7.24,1.16,32.85,0.32,0.06,0.6,-0.05,0.44,1
C_31,2020,1.12,1.13,4.88,4.17,0.87,2.68,0.62,-0.16,0.41,-0.12,0.4,1
C_32,2020,1.3,3.15,9.76,10.41,0.53,0.99,0.04,0.07,0.29,-0.14,0.06,1
C_33,2020,1.01,0.4,3.85,3.73,0.83,5,0.73,-0.03,0.58,0.02,0.22,1
C_34,2020,1.59,0.68,2.9,3.69,0.84,2.64,0.27,-0.22,0.21,-0.2,0.28,1
C_35,2020,0.62,4.23,0,0,0,1.63,0.17,-0.03,0.02,-0.34,-1.2,0
C_36,2020,2.36,2.64,7.23,10.73,1.28,36.25,0.09,-0.11,-0.03,-0.17,0.27,1
C_37,2020,3.63,0.46,5.08,3.03,2.8,320.93,0.29,-0.1,0.9,0.03,0.69,1
C_38,2020,2.33,1.48,423.76,2.36,2.33,0,0.31,0.02,-0.14,-0.06,0.26,1
C_1,2021,0.51,1.7,0,7.81,0.47,0,0.52,-0.18,0.46,-0.3,0.28,0
C_2,2021,1.11,0.89,5.72,7.42,0.59,4.47,0.36,-0.06,0.64,-0.33,0.22,1
C_3,2021,2.62,1.07,0,17.31,1.28,21.27,1,-0.01,1.11,-0.22,0.47,1
C_4,2021,1.94,0.65,3.02,3.8,1.52,0,0.47,0.05,0.56,-0.04,0.57,1
C_5,2021,1.31,1.62,3.23,15.36,0.49,27.72,0.41,-0.19,0.72,-0.33,0.39,1
C_6,2021,1.12,1.29,2.52,6.54,0.39,1.75,0.18,-0.3,-0.04,-0.21,0.37,1
C_7,2021,4.26,0,7.12,3.92,4.08,0,0.6,-0.09,3.81,-0.38,0.62,1
C_8,2021,1.46,1.84,2.92,5.07,0,0,0.04,-0.11,0.24,-0.2,0.47,1
C_9,2021,18.76,0,0,0,17.24,3781.78,0.34,0.15,4.42,0.32,0.32,1
C_10,2021,1.16,1.05,5.55,3.71,0.81,9.65,0.22,-0.1,0.12,-0.28,0.24,1
C_11,2021,0.8,1.07,4.64,7.4,0.45,1.76,0.48,-0.09,0.3,-0.19,0.43,0
C_12,2021,1.13,0.62,4.59,9.45,0.37,-1.92,0.13,-0.04,-0.09,0.18,0.19,1
C_13,2021,1.07,1.26,0,6.24,0.33,-0.34,1,0.15,0.05,0.19,0.06,1
C_14,2021,0.31,0.68,59.51,6.33,0.29,1.16,0.29,0.01,0.23,-0.1,0.08,0
C_15,2021,0.74,0.31,0.5,8.03,0.06,0,0.06,-0.59,0.16,-0.89,-0.14,0
C_16,2021,3.35,0.49,5.26,15.4,2.83,0,0.51,-0.16,1.5,0.3,0.75,1
C_17,2021,1.65,0.8,0,3.79,1.37,0,1,-0.2,0.35,-0.11,0.25,1
C_18,2021,0.45,0.67,37.56,6.63,0.41,-0.93,0.16,0.84,0,0.21,0,0
C_19,2021,1.49,0.1,0,1.28,1.36,2.09,1,-0.01,0.2,-0.09,0.26,1
C_20,2021,1.54,0.37,1.98,2.66,0.71,21.35,0.07,0.06,0.01,-0.14,-0.78,1
C_21,2021,0.9,0.75,6.8,6.49,0.57,11.01,0.33,-0.1,0.42,-0.24,0.14,0
C_22,2021,18.29,0.59,0,1.16,8.71,0,1,-0.17,1.63,0.21,0.79,1
C_23,2021,1.12,0.96,2.08,2.85,0.43,0,0.43,-0.03,0.27,-0.25,0.36,1
C_24,2021,0.32,0.92,7.66,4.83,0.23,37.48,0.36,-0.16,0.43,-0.13,0.35,0
C_25,2021,2.31,1.34,3.35,5.81,1.9,201.44,0.75,-0.1,0.68,-0.15,0.71,1
C_26,2021,2.04,0.57,4.37,2.44,1.62,2.4,0.32,-0.34,0.14,-0.14,0.03,1
C_27,2021,2.1,1.06,2.45,7.74,0.85,22.04,0.5,-0.25,0.63,-0.32,0.15,1
C_28,2021,0.56,0.91,12.69,11.91,0.49,10.73,0.49,-0.07,0.88,-0.11,0.6,0
C_29,2021,3.02,1.18,2.93,4.23,1.57,5.82,0.22,-0.01,-0.1,-0.09,0.31,1
C_30,2021,2.13,0.29,4.77,7.72,1.47,17.62,0.41,-0.04,0.81,-0.14,0.49,1
C_31,2021,1,1.13,4.24,4.06,0.74,3,0.6,-0.09,0.29,-0.02,0.27,0
C_32,2021,1.11,2.82,9.76,8.74,1.04,-1.25,0.04,-0.14,-0.16,-0.3,0.08,1
C_33,2021,1.5,0.44,3.73,4.43,1.26,5.72,0.77,-0.09,0.15,-0.18,0.21,1
C_34,2021,1.8,0.64,2.37,3.05,1.09,1.9,0.36,-0.07,0.08,0.19,0.26,1
C_35,2021,0.78,2.93,9.53,62.99,0.25,-0.71,0.14,-0.06,-0.7,-0.21,-1.8,0
C_36,2021,2.52,2.45,5.97,13.73,1.33,67.35,0.12,-0.11,0.37,-0.13,0.27,1
C_37,2021,2.41,0.54,0,3.27,2.05,14.17,1,-0.17,0.24,-0.09,0.69,1
C_38,2021,2.05,1.43,174.23,2.36,2.04,0,0.31,-0.06,0.06,-0.03,0.23,1
